id	question	A	B	C	D	answer
q01	What is the capital city of France?	Paris	Berlin	Madrid	Rome	A
q02	How many days are there in a leap year?	364	365	366	367	C
q03	What is 7 multiplied by 8?	56	54	58	64	A
q04	Which planet is known as the Red Planet?	Mars	Venus	Jupiter	Saturn	A
q05	What is the chemical symbol for water?	O2	CO2	NaCl	H2O	D
q06	Which ocean is the largest on Earth?	Atlantic	Indian	Arctic	Pacific	D
q07	How many sides does a hexagon have?	Five	Six	Seven	Eight	B
q08	What gas do plants absorb from the air for photosynthesis?	Carbon dioxide	Oxygen	Nitrogen	Helium	A
q09	What is 100 divided by 4?	20	25	30	40	B
q10	Who wrote the play Romeo and Juliet?	Charles Dickens	Jane Austen	Mark Twain	William Shakespeare	D
q11	What is the freezing point of water in degrees Celsius?	0	32	100	-10	A
q12	Which is the largest mammal?	Elephant	Giraffe	Hippopotamus	Blue whale	D
q13	How many continents are there on Earth?	Five	Six	Seven	Eight	C
q14	What is the square root of 81?	9	7	8	10	A
q15	Which language has the most native speakers in Brazil?	Spanish	Portuguese	French	English	B
q16	What is the boiling point of water at sea level in degrees Celsius?	50	90	100	212	C
q17	In which country are the pyramids of Giza?	Mexico	Peru	India	Egypt	D
q18	What is 15 plus 27?	32	42	44	52	B
q19	Which organ pumps blood through the human body?	Liver	Lungs	Heart	Kidney	C
q20	How many minutes are in one hour?	60	100	30	90	A
q21	What is the largest planet in our solar system?	Earth	Saturn	Neptune	Jupiter	D
q22	Which metal is liquid at room temperature?	Iron	Mercury	Copper	Aluminium	B
q23	Tom has 3 apples and buys 5 more. How many apples does he have?	7	8	9	15	B
q24	Which animal is known for building dams in rivers?	Beaver	Otter	Salmon	Frog	A
q25	What color do you get by mixing blue and yellow paint?	Purple	Orange	Green	Brown	C
q26	How many legs does a spider have?	Six	Ten	Four	Eight	D
q27	Which is the smallest prime number?	0	1	2	3	C
q28	What is the main language spoken in Japan?	Chinese	Korean	Japanese	Thai	C
q29	Anna is older than Ben, and Ben is older than Carl. Who is the youngest?	Anna	Ben	Carl	They are the same age	C
q30	What is 12 multiplied by 12?	124	144	132	154	B
q31	Which star is at the center of our solar system?	The Moon	Polaris	Sirius	The Sun	D
q32	What do bees make?	Milk	Honey	Silk	Wax paper	B
q33	How many hours are in one day?	12	20	48	24	D
q34	Which is the longest river in South America?	Amazon	Nile	Danube	Mississippi	A
q35	What is the opposite of the word hot?	Warm	Cold	Wet	Dry	B
q36	A shop sells pens at 2 dollars each. How much do 6 pens cost?	8 dollars	10 dollars	12 dollars	14 dollars	C
q37	Which instrument has black and white keys?	Violin	Drum	Flute	Piano	D
q38	What is the currency of the United States?	Euro	Dollar	Pound	Yen	B
q39	Which season comes after winter?	Autumn	Summer	Spring	Winter again	C
q40	What is 1000 minus 1?	999	990	899	9999	A
